timestamp,ip_type,url,ip_address
1775139796,IPv4,http://4.ipw.cn,
1775139796,IPv6,http://6.ipw.cn,
1775139796,Location,http://myip.ipip.net,当前 IP：117.143.106.27  来自于：中国 上海 上海  移动
1775139912,IPv4,http://4.ipw.cn,117.143.106.27
1775139912,IPv6,http://6.ipw.cn,
1775139912,Location,http://myip.ipip.net,当前 IP：117.143.106.27  来自于：中国 上海 上海  移动
1775139973,IPv4,http://4.ipw.cn,117.143.106.27
1775139973,IPv6,http://6.ipw.cn,2409:8a1e:8442:fe0:18b1:4aa3:219e:5429
1775139973,Location,http://myip.ipip.net,当前 IP：117.143.106.27  来自于：中国 上海 上海  移动
1775141371,IPv4,http://4.ipw.cn,
1775141371,IPv6,http://6.ipw.cn,2409:8a1e:8442:fe0:18b1:4aa3:219e:5429
1775141371,Location,http://myip.ipip.net,当前 IP：117.143.106.27  来自于：中国 上海 上海  移动
1775141486,IPv4,http://4.ipw.cn,117.143.106.27
1775141486,IPv6,http://6.ipw.cn,2409:8a1e:8442:fe0:18b1:4aa3:219e:5429
1775141486,Location,http://myip.ipip.net,当前 IP：117.143.106.27  来自于：中国 上海 上海  移动
1775141608,IPv4,http://4.ipw.cn,117.143.106.27
1775141608,IPv6,http://6.ipw.cn,2409:8a1e:8442:fe0:18b1:4aa3:219e:5429
1775141608,Location,http://myip.ipip.net,当前 IP：117.143.106.27  来自于：中国 上海 上海  移动
1775184523,IPv4,http://4.ipw.cn,112.64.64.50
1775184523,IPv6,http://6.ipw.cn,
1775184523,Location,http://myip.ipip.net,当前 IP：112.64.64.50  来自于：中国 上海 上海  联通
1775184603,IPv4,http://4.ipw.cn,112.64.64.50
1775184603,IPv6,http://6.ipw.cn,
1775184603,Location,http://myip.ipip.net,当前 IP：112.64.64.50  来自于：中国 上海 上海  联通
